act_id,action_id,employee_id,date_of_effective
1,10,1,1/1/2015
2,10,2,1/1/2015
3,10,3,10/6/2015
4,10,4,1/1/2015
5,10,5,5/22/2015
6,10,6,7/11/2015
7,10,7,12/4/2015
8,10,8,1/1/2015
9,10,9,1/1/2015
10,10,10,5/9/2015
11,10,11,5/11/2015
12,10,12,12/24/2015
13,10,13,1/1/2015
14,10,14,7/26/2015
15,10,15,3/13/2016
16,10,16,1/1/2015
17,10,17,10/8/2015
18,10,18,3/21/2015
19,10,19,1/1/2015
20,10,20,1/1/2015
21,10,21,9/29/2015
22,10,22,5/3/2016
23,10,23,1/1/2015
24,10,24,2/5/2015
25,10,25,12/19/2015
26,10,26,1/1/2015
27,10,27,9/4/2015
28,10,28,9/27/2015
29,10,29,4/21/2015
30,10,30,2/2/2015
31,10,31,1/1/2015
32,10,32,3/27/2015
33,10,33,10/17/2015
34,10,34,1/1/2015
35,10,35,1/1/2015
36,10,36,6/4/2015
37,10,37,5/9/2017
38,10,38,1/1/2016
39,10,39,1/1/2015
40,10,40,5/11/2015
41,10,41,3/21/2016
42,10,42,1/1/2015
43,10,43,7/21/2015
44,10,44,1/1/2015
45,10,45,1/1/2015
46,10,46,1/1/2015
47,10,47,1/1/2015
48,10,48,6/21/2016
49,10,49,1/1/2015
50,10,50,7/10/2016
51,10,51,5/3/2015
52,10,52,2/21/2015
53,10,53,1/1/2015
54,10,54,1/1/2015
55,10,55,1/1/2015
56,10,56,7/24/2015
57,10,57,2/8/2015
58,10,58,1/1/2015
59,10,59,1/15/2015
60,10,60,1/1/2015
61,10,61,9/6/2015
62,10,62,1/1/2015
63,10,63,1/1/2015
64,10,64,1/1/2015
65,10,65,3/27/2015
66,10,66,8/8/2016
67,10,67,4/14/2015
68,10,68,5/31/2016
69,10,69,8/3/2015
70,10,70,2/21/2016
71,10,71,9/9/2015
72,10,72,9/13/2015
73,10,73,10/26/2015
74,10,74,10/14/2015
75,10,75,1/1/2015
76,10,76,1/1/2015
77,10,77,1/1/2015
78,10,78,1/1/2015
79,10,79,1/12/2015
80,10,80,1/20/2015
81,10,81,1/1/2015
82,10,82,1/1/2015
83,10,83,1/1/2015
84,10,84,9/14/2015
85,10,85,1/1/2015
86,10,86,12/5/2016
87,10,87,4/9/2015
88,10,88,10/5/2015
89,10,89,5/13/2015
90,10,90,1/1/2015
91,10,91,6/11/2015
92,10,92,1/1/2015
93,10,93,1/1/2015
94,10,94,1/1/2015
95,10,95,1/1/2015
96,10,96,10/4/2015
97,10,97,10/23/2015
98,10,98,5/3/2015
99,10,99,1/1/2015
100,10,100,1/1/2015
101,10,101,1/3/2016
102,10,102,10/29/2015
103,10,103,11/12/2015
104,10,104,9/25/2015
105,10,105,1/1/2015
106,10,106,1/1/2015
107,10,107,1/1/2015
108,10,108,1/25/2015
109,10,109,1/1/2015
110,10,110,1/1/2015
111,10,111,1/1/2015
112,10,112,1/1/2015
113,10,113,10/16/2015
114,10,114,1/1/2015
115,10,115,5/9/2015
116,10,116,1/18/2016
117,10,117,2/15/2015
118,10,118,1/1/2015
119,10,119,1/1/2015
120,10,120,8/14/2015
121,10,121,1/1/2015
122,10,122,1/1/2015
123,10,123,1/1/2015
124,10,124,1/1/2015
125,10,125,1/1/2015
126,10,126,5/6/2015
127,10,127,3/10/2016
128,10,128,1/1/2015
129,10,129,1/1/2015
130,10,130,1/1/2015
131,10,131,1/1/2015
132,10,132,1/1/2015
133,10,133,1/1/2015
134,10,134,4/12/2015
135,10,135,1/1/2015
136,10,136,6/8/2015
137,10,137,10/2/2015
138,10,138,1/1/2015
139,10,139,1/1/2015
140,10,140,2/5/2015
141,10,141,1/1/2015
142,10,142,1/13/2015
143,10,143,7/13/2015
144,10,144,1/1/2015
145,10,145,3/5/2015
146,10,146,1/1/2015
147,10,147,1/1/2015
148,10,148,12/25/2015
149,10,149,1/1/2015
150,10,150,4/3/2015
151,10,151,1/1/2015
152,10,152,3/12/2015
153,10,153,1/1/2015
154,10,154,12/21/2016
155,10,155,1/1/2015
156,10,156,1/1/2015
157,10,157,1/1/2015
158,10,158,1/1/2015
159,10,159,2/13/2016
160,10,160,1/20/2015
161,10,161,1/1/2015
162,10,162,6/16/2015
163,10,163,1/1/2015
164,10,164,1/1/2015
165,10,165,1/1/2015
166,10,166,1/1/2015
167,10,167,1/1/2015
168,10,168,1/1/2015
169,10,169,1/15/2016
170,10,170,6/22/2015
171,10,171,3/30/2016
172,10,172,1/1/2015
173,10,173,10/27/2015
174,10,174,1/1/2015
175,10,175,1/1/2015
176,10,176,5/11/2015
177,10,177,8/27/2015
178,10,178,1/1/2015
179,10,179,1/1/2015
180,10,180,7/23/2015
181,10,181,1/1/2015
182,10,182,9/2/2015
183,10,183,1/1/2015
184,10,184,1/1/2015
185,10,185,1/1/2015
186,10,186,4/14/2015
187,10,187,1/1/2015
188,10,188,1/1/2015
189,10,189,1/1/2015
190,10,190,1/1/2015
191,10,191,1/1/2015
192,10,192,8/12/2015
193,10,193,8/9/2015
194,10,194,1/1/2015
195,10,195,11/6/2016
196,10,196,1/26/2016
197,10,197,2/16/2015
198,10,198,4/28/2016
199,10,199,1/1/2015
200,10,200,1/1/2015
201,10,201,1/1/2015
202,10,202,9/19/2015
203,10,203,5/19/2016
204,10,204,1/1/2015
205,10,205,6/25/2015
206,10,206,1/1/2015
207,10,207,1/1/2015
208,10,208,10/26/2015
209,10,209,1/1/2015
210,10,210,1/1/2015
211,10,211,3/12/2015
212,10,212,1/1/2015
213,10,213,1/4/2016
214,10,214,10/20/2015
215,10,215,7/20/2016
216,10,216,7/20/2016
217,10,217,8/14/2016
218,10,218,1/1/2015
219,10,219,1/1/2015
220,10,220,12/27/2015
221,10,221,1/1/2015
222,10,222,9/4/2015
223,10,223,1/1/2015
224,10,224,12/14/2015
225,10,225,1/1/2015
226,10,226,1/1/2015
227,10,227,1/1/2015
228,10,228,3/4/2015
229,10,229,1/1/2015
230,10,230,1/1/2015
231,10,231,5/29/2016
232,10,232,7/24/2015
233,10,233,1/1/2015
234,10,234,8/17/2015
235,10,235,1/1/2015
236,10,236,5/19/2016
237,10,237,10/28/2016
238,10,238,10/24/2016
239,10,239,5/19/2016
240,10,240,12/26/2015
241,10,241,1/1/2015
242,10,242,8/25/2015
243,10,243,1/1/2015
244,10,244,1/1/2015
245,10,245,8/4/2015
246,10,246,7/31/2015
247,10,247,1/1/2015
248,10,248,1/1/2015
249,10,249,1/1/2015
250,10,250,2/19/2015
251,10,251,1/1/2015
252,10,252,1/1/2015
253,10,253,9/7/2015
254,10,254,4/19/2016
255,10,255,1/1/2015
256,10,256,11/30/2015
257,10,257,5/9/2015
258,10,258,1/1/2015
259,10,259,1/1/2015
260,10,260,1/1/2015
261,10,261,1/1/2015
262,10,262,9/25/2015
263,10,263,6/11/2016
264,10,264,1/1/2015
265,10,265,1/1/2015
266,10,266,3/31/2015
267,10,267,1/1/2015
268,10,268,1/1/2015
269,10,269,5/10/2015
270,10,270,2/28/2015
271,10,271,9/26/2015
272,10,272,10/1/2015
273,10,273,4/12/2015
274,10,274,1/1/2015
275,10,275,1/1/2015
276,10,276,6/19/2015
277,10,277,6/1/2017
278,10,278,2/6/2015
279,10,279,8/22/2016
280,10,280,2/7/2016
281,10,281,1/1/2015
282,10,282,2/1/2016
283,10,283,11/13/2015
284,10,284,3/16/2017
285,10,285,4/23/2015
286,10,286,8/12/2016
287,10,287,7/29/2015
288,10,288,7/11/2015
289,10,289,1/1/2015
290,10,290,1/1/2015
291,10,291,1/1/2015
292,10,292,6/2/2015
293,10,293,10/1/2015
294,10,294,1/1/2015
295,10,295,1/1/2015
296,10,296,1/26/2015
297,10,297,1/1/2015
298,10,298,1/1/2015
299,10,299,1/1/2015
300,10,300,9/10/2016
301,10,301,7/12/2015
302,10,302,1/1/2015
303,10,303,1/1/2015
304,10,304,4/2/2015
305,10,305,1/1/2015
306,10,306,11/5/2015
307,10,307,1/1/2015
308,10,308,1/1/2015
309,10,309,5/24/2015
310,10,310,1/1/2015
311,10,311,1/1/2015
312,10,312,1/1/2015
313,10,313,1/1/2015
314,10,314,1/1/2015
315,10,315,7/8/2015
316,10,316,1/1/2015
317,10,317,3/2/2016
318,10,318,3/6/2016
319,10,319,5/27/2015
320,10,320,1/1/2015
321,10,321,1/1/2015
322,10,322,1/1/2015
323,10,323,3/10/2015
324,10,324,1/1/2015
325,10,325,5/1/2015
326,10,326,1/1/2015
327,10,327,1/1/2015
328,10,328,9/29/2015
329,10,329,1/1/2015
330,10,330,6/3/2017
331,10,331,5/11/2016
332,10,332,1/1/2015
333,10,333,1/1/2015
334,10,334,1/1/2015
335,10,335,5/18/2015
336,10,336,1/1/2015
337,10,337,1/1/2015
338,10,338,1/1/2015
339,10,339,10/20/2016
340,10,340,1/1/2015
341,10,341,7/15/2015
342,10,342,1/20/2016
343,10,343,1/21/2015
344,10,344,1/1/2015
345,10,345,1/3/2015
346,10,346,1/1/2015
347,10,347,12/31/2016
348,10,348,7/7/2015
349,10,349,1/26/2015
350,10,350,7/17/2015
351,10,351,3/4/2017
352,10,352,1/1/2015
353,10,353,1/1/2015
354,10,354,1/1/2015
355,10,355,1/1/2015
356,10,356,1/1/2015
357,10,357,2/25/2016
358,10,358,1/1/2015
359,10,359,1/1/2015
360,10,360,4/25/2016
361,10,361,1/11/2015
362,10,362,1/24/2015
363,10,363,3/21/2016
364,10,364,2/21/2015
365,10,365,11/24/2017
366,10,366,7/13/2015
367,10,367,6/11/2015
368,10,368,6/3/2016
369,10,369,5/5/2017
370,10,370,1/1/2015
371,10,371,1/1/2015
372,10,372,6/3/2015
373,10,373,1/1/2015
374,10,374,1/1/2015
375,10,375,1/1/2015
376,10,376,1/1/2015
377,10,377,1/1/2015
378,10,378,1/1/2015
379,10,379,5/20/2015
380,10,380,3/19/2016
381,10,381,3/3/2015
382,10,382,1/1/2015
383,10,383,7/16/2015
384,10,384,6/26/2015
385,10,385,1/1/2015
386,10,386,3/16/2016
387,10,387,1/1/2015
388,10,388,1/1/2015
389,10,389,1/12/2015
390,10,390,1/1/2015
391,10,391,1/17/2016
392,10,392,6/26/2016
393,10,393,1/1/2015
394,10,394,8/25/2016
395,10,395,1/1/2015
396,10,396,7/3/2015
397,10,397,1/1/2015
398,10,398,2/4/2016
399,10,399,1/1/2015
400,10,400,1/1/2015
401,10,401,4/10/2016
402,10,402,3/7/2015
403,10,403,1/1/2015
404,10,404,9/29/2015
405,10,405,12/31/2016
406,10,406,8/12/2015
407,10,407,5/29/2015
408,10,408,1/1/2015
409,10,409,1/1/2015
410,10,410,9/27/2017
411,10,411,7/22/2015
412,10,412,11/15/2016
413,10,413,9/10/2017
414,10,414,1/1/2015
415,10,415,11/25/2015
416,10,416,1/1/2015
417,10,417,1/1/2015
418,10,418,1/1/2015
419,10,419,5/2/2015
420,10,420,2/2/2015
421,10,421,2/6/2015
422,10,422,1/1/2015
423,10,423,11/18/2015
424,10,424,1/9/2016
425,10,425,1/22/2015
426,10,426,1/1/2015
427,10,427,1/1/2015
428,10,428,8/1/2015
429,10,429,1/26/2016
430,10,430,5/15/2016
431,10,431,3/28/2016
432,10,432,11/15/2015
433,10,433,1/1/2015
434,10,434,4/11/2015
435,10,435,1/1/2015
436,10,436,9/29/2015
437,10,437,1/1/2015
438,10,438,1/1/2015
439,10,439,1/1/2015
440,10,440,1/1/2015
441,10,441,1/20/2015
442,10,442,9/12/2015
443,10,443,1/1/2015
444,10,444,7/27/2016
445,10,445,11/26/2015
446,10,446,1/23/2015
447,10,447,1/1/2015
448,10,448,1/1/2015
449,10,449,8/28/2015
450,10,450,10/8/2016
451,10,451,1/1/2015
452,10,452,1/1/2015
453,10,453,9/23/2016
454,10,454,8/7/2015
455,10,455,1/1/2015
456,10,456,5/24/2015
457,10,457,1/1/2015
458,10,458,1/1/2015
459,10,459,1/1/2015
460,10,460,5/9/2015
461,10,461,2/22/2016
462,10,462,1/25/2016
463,10,463,1/1/2015
464,10,464,1/1/2015
465,10,465,3/18/2016
466,10,466,2/4/2015
467,10,467,4/5/2015
468,10,468,6/2/2015
469,10,469,11/22/2015
470,10,470,1/1/2015
471,10,471,1/1/2015
472,10,472,1/1/2015
473,10,473,1/1/2015
474,10,474,1/1/2015
475,10,475,1/1/2015
476,10,476,11/10/2015
477,10,477,1/1/2015
478,10,478,5/8/2016
479,10,479,1/1/2015
480,10,480,6/27/2015
481,10,481,5/1/2015
482,10,482,1/1/2015
483,10,483,4/23/2015
484,10,484,1/1/2015
485,10,485,9/24/2015
486,10,486,1/1/2015
487,10,487,4/10/2016
488,10,488,1/1/2015
489,10,489,1/1/2015
490,10,490,3/4/2015
491,10,491,7/9/2015
492,10,492,1/1/2015
493,10,493,1/1/2015
494,10,494,6/30/2015
495,10,495,6/16/2015
496,10,496,1/1/2015
497,10,497,11/6/2016
498,10,498,1/1/2015
499,10,499,1/1/2015
500,10,500,1/1/2015
501,10,501,11/28/2015
502,10,502,1/1/2015
503,10,503,10/22/2015
504,10,504,5/29/2015
505,10,505,1/1/2015
506,10,506,8/24/2016
507,10,507,1/1/2015
508,10,508,2/23/2015
509,10,509,5/2/2015
510,10,510,1/1/2015
511,10,511,1/1/2015
512,10,512,11/5/2015
513,10,513,4/22/2016
514,10,514,4/3/2015
515,10,515,1/1/2015
516,10,516,1/1/2015
517,10,517,10/29/2016
518,10,518,12/24/2015
519,10,519,1/1/2015
520,10,520,7/15/2016
521,10,521,1/1/2015
522,10,522,2/20/2015
523,10,523,4/29/2015
524,10,524,1/1/2015
525,10,525,1/1/2015
526,10,526,1/1/2015
527,10,527,5/25/2015
528,10,528,1/1/2015
529,10,529,1/1/2015
530,10,530,1/1/2015
531,10,531,9/20/2015
532,10,532,1/1/2015
533,10,533,1/1/2015
534,10,534,1/1/2015
535,10,535,4/18/2015
536,10,536,1/1/2015
537,10,537,1/1/2015
538,10,538,1/1/2015
539,10,539,2/4/2016
540,10,540,1/1/2015
541,10,541,4/24/2015
542,10,542,1/1/2015
543,10,543,1/1/2015
544,10,544,11/13/2015
545,10,545,3/6/2015
546,10,546,9/9/2015
547,10,547,1/1/2015
548,10,548,5/30/2015
549,10,549,2/21/2015
550,10,550,1/1/2015
551,10,551,2/15/2015
552,10,552,1/1/2015
553,10,553,1/1/2015
554,10,554,1/1/2015
555,10,555,8/12/2016
556,10,556,8/16/2015
557,10,557,1/1/2015
558,10,558,1/1/2015
559,10,559,1/1/2015
560,10,560,1/1/2015
561,10,561,1/1/2015
562,10,562,6/6/2015
563,10,563,1/1/2015
564,10,564,6/17/2015
565,10,565,11/10/2017
566,10,566,1/1/2015
567,10,567,12/17/2015
568,10,568,4/17/2015
569,10,569,1/1/2015
570,10,570,7/17/2015
571,10,571,3/1/2016
572,10,572,8/21/2015
573,10,573,1/1/2015
574,10,574,1/1/2015
575,10,575,1/1/2015
576,10,576,7/14/2015
577,10,577,4/29/2015
578,10,578,11/4/2015
579,10,579,2/3/2015
580,10,580,1/1/2015
581,10,581,2/3/2015
582,10,582,1/9/2015
583,10,583,1/1/2015
584,10,584,10/16/2015
585,10,585,1/1/2015
586,10,586,1/1/2015
587,10,587,5/28/2015
588,10,588,1/1/2015
589,10,589,1/3/2016
590,10,590,1/29/2015
591,10,591,10/11/2015
592,10,592,1/1/2015
593,10,593,2/18/2015
594,10,594,1/1/2015
595,10,595,1/1/2015
596,10,596,1/1/2015
597,10,597,1/1/2015
598,10,598,8/17/2015
599,10,599,1/1/2015
600,10,600,6/18/2016
601,10,601,1/1/2015
602,10,602,5/25/2016
603,10,603,1/1/2015
604,10,604,1/1/2015
605,10,605,10/8/2015
606,10,606,1/1/2015
607,10,607,6/22/2015
608,10,608,1/1/2015
609,10,609,1/1/2015
610,10,610,8/19/2015
611,10,611,1/1/2015
612,10,612,3/1/2015
613,10,613,4/30/2016
614,10,614,6/22/2015
615,10,615,9/19/2015
616,10,616,1/1/2015
617,10,617,7/7/2016
618,10,618,1/30/2016
619,10,619,9/13/2015
620,10,620,3/20/2015
621,10,621,11/20/2015
622,10,622,6/13/2016
623,10,623,6/24/2016
624,10,624,1/2/2016
625,10,625,1/1/2015
626,10,626,2/5/2015
627,10,627,7/14/2016
628,10,628,1/1/2015
629,10,629,8/24/2015
630,10,630,1/1/2015
631,10,631,1/1/2015
632,10,632,1/1/2015
633,10,633,1/1/2015
634,10,634,1/1/2015
635,10,635,1/1/2015
636,10,636,1/1/2015
637,10,637,7/31/2016
638,10,638,1/1/2015
639,10,639,1/25/2015
640,10,640,1/1/2015
641,10,641,5/11/2016
642,10,642,2/28/2015
643,10,643,1/1/2015
644,10,644,1/20/2016
645,10,645,6/10/2015
646,10,646,8/29/2015
647,10,647,1/1/2015
648,10,648,1/1/2015
649,10,649,2/18/2016
650,10,650,1/1/2015
651,10,651,1/1/2015
652,10,652,1/8/2016
653,10,653,1/1/2015
654,10,654,1/1/2015
655,10,655,1/1/2015
656,10,656,1/1/2015
657,10,657,1/1/2015
658,10,658,11/18/2015
659,10,659,10/5/2015
660,10,660,7/18/2015
661,10,661,7/9/2015
662,10,662,1/31/2016
663,10,663,12/5/2015
664,10,664,1/1/2015
665,10,665,1/1/2015
666,10,666,1/1/2015
667,10,667,1/1/2015
668,10,668,6/26/2015
669,10,669,1/1/2015
670,10,670,7/19/2016
671,10,671,9/18/2015
672,10,672,8/18/2015
673,10,673,1/1/2015
674,10,674,1/1/2015
675,10,675,11/6/2016
676,10,676,1/1/2015
677,10,677,12/5/2015
678,10,678,7/10/2015
679,10,679,2/5/2015
680,10,680,1/1/2015
681,10,681,1/1/2015
682,10,682,1/13/2016
683,10,683,1/1/2015
684,10,684,12/7/2017
685,10,685,6/1/2016
686,10,686,1/1/2015
687,10,687,1/1/2015
688,10,688,1/8/2017
689,10,689,5/24/2015
690,10,690,12/8/2016
691,10,691,1/1/2015
692,10,692,12/17/2015
693,10,693,1/1/2015
694,10,694,1/1/2015
695,10,695,4/5/2015
696,10,696,1/1/2015
697,10,697,9/12/2015
698,10,698,4/20/2016
699,10,699,1/4/2016
700,10,700,10/14/2015
701,10,701,1/1/2015
702,10,702,2/26/2015
703,10,703,1/1/2015
704,10,704,1/1/2015
705,10,705,9/17/2015
706,10,706,3/21/2016
707,10,707,3/29/2016
708,10,708,1/1/2015
709,10,709,1/1/2015
710,10,710,2/9/2015
711,10,711,1/1/2015
712,10,712,1/1/2015
713,10,713,5/14/2016
714,10,714,1/1/2015
715,10,715,1/1/2015
716,10,716,1/1/2015
717,10,717,1/1/2015
718,10,718,1/1/2015
719,10,719,8/5/2015
720,10,720,1/1/2015
721,10,721,1/1/2015
722,10,722,1/1/2015
723,10,723,4/29/2015
724,10,724,1/9/2016
725,10,725,10/14/2015
726,10,726,2/15/2015
727,10,727,9/28/2015
728,10,728,1/1/2015
729,10,729,6/10/2015
730,10,730,6/20/2015
731,10,731,11/19/2015
732,10,732,9/29/2015
733,10,733,10/9/2015
734,10,734,1/1/2015
735,10,735,1/1/2015
736,10,736,2/9/2015
737,10,737,9/28/2015
738,10,738,1/1/2015
739,10,739,1/1/2015
740,10,740,1/1/2015
741,10,741,1/1/2015
742,10,742,1/1/2015
743,10,743,2/28/2016
744,10,744,4/11/2017
745,10,745,1/1/2015
746,10,746,1/1/2015
747,10,747,1/1/2015
748,10,748,12/12/2016
749,10,749,3/29/2015
750,10,750,1/1/2015
751,10,751,1/1/2015
752,10,752,6/17/2015
753,10,753,6/13/2015
754,10,754,11/23/2016
755,10,755,5/9/2015
756,10,756,9/7/2015
757,10,757,5/11/2016
758,10,758,8/12/2015
759,10,759,1/1/2015
760,10,760,1/28/2016
761,10,761,11/30/2016
762,10,762,1/1/2015
763,10,763,1/1/2015
764,10,764,5/21/2015
765,10,765,1/6/2015
766,10,766,1/1/2015
767,10,767,11/21/2015
768,10,768,10/13/2015
769,10,769,1/1/2015
770,10,770,10/6/2015
771,10,771,5/15/2016
772,10,772,5/15/2016
773,10,773,4/26/2015
774,10,774,4/21/2016
775,10,775,1/1/2015
776,10,776,7/12/2015
777,10,777,1/19/2015
778,10,778,1/13/2015
779,10,779,1/1/2015
780,10,780,11/1/2015
781,10,781,1/15/2015
782,10,782,1/1/2015
783,10,783,2/4/2015
784,10,784,2/3/2016
785,10,785,1/1/2015
786,10,786,11/11/2015
787,10,787,1/1/2015
788,10,788,2/15/2015
789,10,789,1/1/2015
790,10,790,11/5/2015
791,10,791,1/1/2015
792,10,792,1/16/2015
793,10,793,6/6/2015
794,10,794,4/20/2016
795,10,795,5/26/2016
796,10,796,1/1/2015
797,10,797,4/26/2015
798,10,798,9/28/2015
799,10,799,4/13/2015
800,10,800,5/13/2016
801,10,801,10/13/2016
802,10,802,1/1/2015
803,10,803,1/1/2015
804,10,804,5/28/2015
805,10,805,1/1/2015
806,10,806,1/1/2015
807,10,807,10/7/2015
808,10,808,1/1/2015
809,10,809,1/1/2015
810,10,810,1/15/2015
811,10,811,3/2/2015
812,10,812,1/12/2015
813,10,813,12/13/2015
814,10,814,1/1/2015
815,10,815,1/1/2015
816,10,816,7/15/2016
817,10,817,1/1/2015
818,10,818,1/29/2015
819,10,819,12/17/2015
820,10,820,1/1/2015
821,10,821,1/1/2015
822,10,822,9/18/2015
823,10,823,4/24/2015
824,10,824,1/1/2015
825,10,825,9/4/2015
826,10,826,1/1/2015
827,10,827,1/1/2015
828,10,828,1/1/2015
829,10,829,1/1/2015
830,10,830,9/9/2016
831,10,831,11/3/2015
832,10,832,7/6/2016
833,10,833,1/1/2015
834,10,834,1/1/2015
835,10,835,1/1/2015
836,10,836,1/1/2015
837,10,837,1/1/2015
838,10,838,12/11/2015
839,10,839,11/22/2015
840,10,840,11/2/2015
841,10,841,6/29/2015
842,10,842,1/1/2015
843,10,843,1/1/2015
844,10,844,1/1/2015
845,10,845,1/30/2015
846,10,846,5/2/2015
847,10,847,5/16/2016
848,10,848,4/22/2016
849,10,849,5/4/2015
850,10,850,1/1/2015
851,10,851,1/1/2015
852,10,852,11/23/2015
853,10,853,5/15/2015
854,10,854,4/17/2015
855,10,855,1/1/2015
856,10,856,1/4/2015
857,10,857,1/1/2015
858,10,858,7/1/2015
859,10,859,3/24/2015
860,10,860,5/1/2015
861,10,861,1/1/2015
862,10,862,1/1/2015
863,10,863,1/1/2015
864,10,864,1/9/2016
865,10,865,7/29/2015
866,10,866,1/1/2015
867,10,867,1/1/2015
868,10,868,11/20/2015
869,10,869,7/25/2016
870,10,870,1/1/2015
871,10,871,1/1/2015
872,10,872,1/1/2015
873,10,873,1/1/2015
874,10,874,1/1/2015
875,10,875,4/28/2015
876,10,876,4/16/2015
877,10,877,4/28/2015
878,10,878,1/1/2015
879,10,879,1/1/2015
880,10,880,9/17/2015
881,10,881,1/1/2015
882,10,882,5/25/2015
883,10,883,3/22/2015
884,10,884,1/1/2015
885,10,885,1/1/2015
886,10,886,1/1/2015
887,10,887,1/1/2015
888,10,888,12/21/2015
889,10,889,1/1/2015
890,10,890,5/26/2016
891,10,891,1/11/2015
892,10,892,1/1/2015
893,10,893,1/1/2015
894,10,894,7/29/2017
895,10,895,1/1/2015
896,10,896,5/21/2015
897,10,897,6/20/2015
898,10,898,1/1/2015
899,10,899,5/17/2015
900,10,900,1/1/2015
901,10,901,12/12/2015
902,10,902,1/1/2015
903,10,903,1/1/2015
904,10,904,1/1/2015
905,10,905,1/1/2015
906,10,906,2/12/2016
907,10,907,1/1/2015
908,10,908,1/1/2015
909,10,909,1/1/2015
910,10,910,2/26/2015
911,10,911,1/22/2016
912,10,912,1/9/2015
913,10,913,2/23/2015
914,10,914,1/1/2015
915,10,915,2/17/2015
916,10,916,5/14/2015
917,10,917,1/1/2015
918,10,918,5/15/2017
919,10,919,4/14/2017
920,10,920,1/1/2015
921,10,921,1/1/2015
922,10,922,1/1/2015
923,10,923,12/4/2015
924,10,924,1/1/2015
925,10,925,5/20/2018
926,10,926,1/16/2016
927,10,927,7/21/2015
928,10,928,1/1/2015
929,10,929,1/1/2015
930,10,930,1/1/2015
931,10,931,1/1/2015
932,10,932,1/29/2015
933,10,933,1/1/2015
934,10,934,1/1/2015
935,10,935,1/1/2015
936,10,936,4/25/2015
937,10,937,2/17/2016
938,10,938,1/1/2015
939,10,939,1/1/2015
940,10,940,1/1/2015
941,10,941,3/13/2017
942,10,942,2/4/2016
943,10,943,5/7/2016
944,10,944,1/1/2015
945,10,945,1/1/2015
946,10,946,1/1/2015
947,10,947,4/26/2016
948,10,948,3/27/2016
949,10,949,3/25/2016
950,10,950,1/14/2015
951,10,951,3/28/2016
952,10,952,1/1/2015
953,10,953,6/17/2017
954,10,954,1/1/2015
955,10,955,1/23/2015
956,10,956,4/27/2015
957,10,957,1/1/2015
958,10,958,4/1/2015
959,10,959,1/1/2015
960,10,960,6/12/2016
961,10,961,10/7/2015
962,10,962,11/26/2015
963,10,963,1/1/2015
964,10,964,8/8/2015
965,10,965,10/2/2015
966,10,966,1/1/2015
967,10,967,2/8/2016
968,10,968,6/20/2015
969,10,969,7/25/2015
970,10,970,3/21/2016
971,10,971,5/19/2015
972,10,972,1/1/2015
973,10,973,1/1/2015
974,10,974,1/1/2015
975,10,975,1/1/2015
976,10,976,6/17/2015
977,10,977,1/1/2015
978,10,978,1/16/2015
979,10,979,5/23/2015
980,10,980,1/1/2015
981,10,981,9/9/2015
982,10,982,6/22/2016
983,10,983,1/1/2015
984,10,984,1/1/2015
985,10,985,1/1/2015
986,10,986,8/25/2016
987,10,987,4/20/2015
988,10,988,8/21/2015
989,10,989,1/29/2015
990,10,990,1/1/2015
991,10,991,4/5/2015
992,10,992,1/1/2015
993,10,993,5/11/2016
994,10,994,1/1/2015
995,10,995,10/30/2015
996,10,996,11/19/2015
997,10,997,12/19/2015
998,10,998,1/1/2015
999,10,999,1/22/2016
1000,10,1000,4/29/2015
1001,91,201,6/6/2015
1002,10,1001,5/19/2015
1003,90,599,1/31/2015
1004,10,1002,5/21/2015
1005,91,531,10/3/2015
1006,10,1003,3/14/2015
1007,91,140,10/27/2015
1008,10,1004,10/22/2015
1009,90,210,6/26/2015
1010,10,1005,6/7/2015
1011,90,909,4/14/2015
1012,10,1006,3/4/2015
1013,10,1007,1/9/2015
1014,90,781,1/5/2016
1015,10,1008,6/12/2015
1016,90,488,6/17/2015
1017,10,1009,2/12/2015
1018,90,9,4/7/2015
1019,10,1010,10/16/2015
1020,91,799,4/27/2015
1021,10,1011,5/21/2015
1022,90,756,9/15/2015
1023,10,1012,6/18/2015
1024,91,9,2/22/2015
1025,10,1013,9/16/2015
1026,90,958,10/31/2015
1027,10,1014,8/6/2015
1028,90,40,8/27/2015
1029,10,1015,6/18/2015
1030,90,824,5/21/2015
1031,10,1016,5/8/2015
1032,91,457,9/23/2015
1033,10,1017,3/22/2015
1034,91,779,5/18/2015
1035,10,1018,3/14/2015
1036,91,233,2/23/2016
1037,10,1019,9/27/2015
1038,10,1020,7/29/2015
1039,91,804,7/27/2015
1040,10,1021,6/25/2015
1041,90,631,8/9/2015
1042,10,1022,4/6/2015
1043,10,1023,4/26/2015
1044,10,1024,5/17/2015
1045,10,1025,5/10/2015
1046,90,608,7/16/2015
1047,10,1026,6/9/2015
1048,90,142,6/19/2015
1049,10,1027,1/16/2016
1050,91,620,2/14/2016
1051,10,1028,11/29/2015
1052,10,1029,8/28/2015
1053,90,373,6/8/2015
1054,10,1030,10/6/2015
1055,10,1031,11/8/2015
1056,10,1032,5/22/2015
1057,91,674,3/19/2015
1058,10,1033,1/1/2015
1059,10,1034,8/19/2015
1060,10,1035,3/23/2015
1061,90,334,2/4/2015
1062,10,1036,9/28/2015
1063,10,1037,8/23/2015
1064,90,183,6/30/2015
1065,10,1038,3/18/2015
1066,90,464,4/4/2015
1067,10,1039,7/31/2015
1068,90,650,6/5/2015
1069,10,1040,1/1/2015
1070,91,935,4/30/2015
1071,10,1041,5/31/2015
1072,10,1042,1/1/2015
1073,91,370,10/15/2015
1074,10,1043,8/22/2015
1075,10,1044,6/27/2015
1076,10,1045,4/27/2015
1077,10,1046,7/3/2015
1078,90,655,6/25/2015
1079,10,1047,6/19/2015
1080,10,1048,10/8/2015
1081,10,1049,7/18/2015
1082,91,630,6/9/2015
1083,10,1050,8/1/2015
1084,90,133,5/8/2015
1085,10,1051,10/26/2015
1086,90,328,5/18/2016
1087,10,1052,5/17/2016
1088,90,293,5/14/2016
1089,10,1053,1/22/2016
1090,91,564,5/21/2016
1091,10,1054,5/13/2016
1092,91,207,4/17/2016
1093,10,1055,2/25/2016
1094,91,662,7/17/2016
1095,10,1056,7/29/2016
1096,91,721,7/28/2016
1097,10,1057,9/12/2016
1098,91,728,1/26/2016
1099,10,1058,2/2/2017
1100,90,666,5/2/2016
1101,10,1059,2/1/2016
1102,91,133,5/21/2016
1103,10,1060,1/12/2017
1104,90,882,10/17/2016
1105,10,1061,4/7/2016
1106,91,794,10/30/2016
1107,10,1062,12/1/2016
1108,10,1063,3/24/2016
1109,90,1006,4/30/2016
1110,10,1064,3/17/2016
1111,90,387,7/20/2016
1112,10,1065,7/3/2016
1113,90,834,4/3/2016
1114,10,1066,3/19/2016
1115,90,846,8/9/2016
1116,10,1067,7/25/2016
1117,90,715,7/27/2016
1118,10,1068,6/20/2016
1119,90,441,8/4/2016
1120,10,1069,2/29/2016
1121,90,190,7/5/2016
1122,10,1070,6/8/2016
1123,90,557,8/18/2016
1124,10,1071,3/25/2016
1125,90,81,4/13/2017
1126,10,1072,9/2/2016
1127,90,321,6/19/2016
1128,10,1073,10/19/2016
1129,91,976,3/25/2016
1130,10,1074,9/30/2016
1131,91,728,9/15/2016
1132,10,1075,6/16/2016
1133,10,1076,4/11/2016
1134,90,588,2/2/2016
1135,10,1077,8/4/2016
1136,91,63,8/25/2016
1137,10,1078,3/7/2016
1138,90,264,4/9/2016
1139,10,1079,3/22/2016
1140,90,582,8/14/2016
1141,10,1080,7/18/2016
1142,90,95,10/29/2016
1143,10,1081,6/22/2016
1144,90,482,7/3/2016
1145,10,1082,6/8/2016
1146,90,609,6/18/2016
1147,10,1083,10/10/2016
1148,91,42,9/21/2016
1149,10,1084,5/9/2016
1150,90,126,6/20/2016
1151,10,1085,2/15/2016
1152,10,1086,7/4/2016
1153,90,504,11/25/2016
1154,10,1087,7/25/2016
1155,91,769,8/13/2016
1156,10,1088,4/4/2016
1157,91,580,11/14/2016
1158,10,1089,7/24/2016
1159,90,1046,3/27/2016
1160,10,1090,5/27/2016
1161,10,1091,2/8/2016
1162,90,211,4/19/2016
1163,10,1092,9/8/2016
1164,90,420,4/6/2016
1165,10,1093,12/21/2016
1166,91,621,8/7/2016
1167,10,1094,10/14/2016
1168,91,959,9/26/2016
1169,10,1095,7/8/2016
1170,91,671,6/23/2016
1171,10,1096,7/27/2016
1172,90,587,9/12/2016
1173,10,1097,4/20/2016
1174,90,648,6/26/2016
1175,10,1098,6/11/2016
1176,90,348,6/15/2016
1177,10,1099,9/16/2016
1178,91,514,12/28/2015
1179,10,1100,9/27/2016
1180,90,82,4/29/2016
1181,10,1101,8/10/2016
1182,90,666,5/4/2016
1183,10,1102,7/16/2016
1184,10,1103,3/29/2016
1185,90,214,10/11/2016
1186,10,1104,3/2/2016
1187,91,1028,4/21/2016
1188,10,1105,10/28/2016
1189,91,309,9/26/2017
1190,10,1106,9/23/2017
1191,91,625,8/7/2017
1192,10,1107,9/25/2017
1193,91,1071,9/2/2017
1194,10,1108,3/13/2017
1195,91,126,4/22/2017
1196,10,1109,2/15/2017
1197,90,835,8/6/2017
1198,10,1110,10/4/2017
1199,91,839,9/16/2017
1200,10,1111,4/19/2017
1201,91,53,7/21/2017
1202,10,1112,4/4/2017
1203,90,147,1/15/2017
1204,10,1113,4/4/2017
1205,91,1040,11/18/2017
1206,10,1114,6/26/2017
1207,91,117,6/4/2017
1208,10,1115,11/1/2017
1209,91,1,5/29/2017
1210,10,1116,7/8/2017
1211,91,1052,4/20/2017
1212,10,1117,4/24/2017
1213,91,253,8/6/2017
1214,10,1118,10/26/2017
1215,91,837,11/9/2017
1216,10,1119,7/9/2017
1217,90,155,9/16/2017
1218,10,1120,5/20/2017
1219,90,266,3/27/2017
1220,10,1121,6/10/2017
1221,90,794,9/3/2017
1222,10,1122,1/24/2017
1223,91,234,9/15/2017
1224,10,1123,5/21/2017
1225,90,781,11/8/2017
1226,10,1124,9/22/2017
1227,91,338,6/5/2017
1228,10,1125,9/19/2017
1229,90,486,5/10/2017
1230,10,1126,7/4/2017
1231,91,985,9/10/2017
1232,10,1127,2/13/2017
1233,91,273,8/12/2017
1234,10,1128,3/23/2017
1235,90,138,6/15/2017
1236,10,1129,7/7/2017
1237,91,1099,8/14/2017
1238,10,1130,11/11/2017
1239,90,834,9/26/2017
1240,10,1131,5/7/2017
1241,90,414,12/27/2016
1242,10,1132,11/17/2016
1243,90,855,7/10/2017
1244,10,1133,11/15/2017
1245,91,250,6/29/2017
1246,10,1134,5/8/2017
1247,91,430,3/29/2017
1248,10,1135,8/1/2017
1249,91,665,2/1/2017
1250,10,1136,11/24/2017
1251,90,1053,1/8/2018
1252,10,1137,4/27/2017
1253,91,489,3/18/2017
1254,10,1138,8/27/2017
1255,90,226,6/22/2017
1256,10,1139,8/6/2017
1257,91,603,7/19/2017
1258,10,1140,7/24/2017
1259,90,1019,6/9/2017
1260,10,1141,5/9/2017
1261,90,592,12/8/2016
1262,10,1142,8/2/2017
1263,91,1028,7/24/2017
1264,10,1143,7/21/2017
1265,91,401,10/1/2017
1266,10,1144,5/30/2017
1267,90,637,7/15/2017
1268,10,1145,7/19/2017
1269,91,697,12/18/2017
1270,10,1146,8/14/2017
1271,90,266,5/5/2017
1272,10,1147,7/23/2017
1273,90,465,6/21/2017
1274,10,1148,4/13/2017
1275,90,937,4/11/2017
1276,10,1149,7/30/2017
1277,90,955,9/15/2017
1278,10,1150,6/23/2017
1279,10,1151,8/24/2017
1280,91,358,4/4/2017
1281,10,1152,9/6/2017
1282,90,165,4/9/2017
1283,10,1153,7/4/2017
1284,90,837,5/29/2017
1285,10,1154,2/14/2017
1286,10,1155,10/16/2017
1287,10,1156,6/10/2017
1288,90,944,8/5/2017
1289,10,1157,7/31/2017
1290,91,1014,3/27/2017
1291,10,1158,8/26/2017
1292,91,178,7/6/2017
1293,10,1159,6/26/2017
1294,90,781,6/10/2017
1295,10,1160,7/30/2017
1296,90,243,10/25/2017
1297,10,1161,8/27/2017
1298,90,950,11/21/2018
1299,10,1162,6/3/2018
1300,90,867,5/30/2018
1301,10,1163,5/13/2018
1302,90,76,9/17/2018
1303,10,1164,8/14/2018
1304,91,350,1/7/2019
1305,10,1165,2/20/2019
1306,90,1084,10/6/2018
1307,10,1166,6/9/2018
1308,90,687,7/21/2018
1309,10,1167,5/7/2018
1310,91,814,4/17/2018
1311,10,1168,9/7/2018
1312,91,647,4/11/2018
1313,10,1169,6/16/2018
1314,91,766,11/17/2017
1315,10,1170,8/10/2018
1316,91,609,10/20/2018
1317,10,1171,9/22/2018
1318,91,1042,7/18/2018
1319,10,1172,7/13/2018
1320,91,228,7/6/2018
1321,10,1173,7/7/2018
1322,91,292,1/28/2018
1323,10,1174,2/24/2018
1324,90,525,8/22/2018
1325,10,1175,7/7/2018
1326,91,353,10/24/2018
1327,10,1176,7/23/2018
1328,90,157,12/11/2018
1329,10,1177,4/28/2018
1330,90,461,6/2/2018
1331,10,1178,3/2/2018
1332,91,459,4/19/2018
1333,10,1179,10/27/2018
1334,91,184,6/11/2018
1335,10,1180,2/6/2018
1336,91,164,10/12/2018
1337,10,1181,6/10/2018
1338,90,52,7/14/2018
1339,10,1182,7/15/2018
1340,91,921,5/2/2018
1341,10,1183,5/25/2018
1342,90,878,4/21/2018
1343,10,1184,7/11/2018
1344,91,303,9/19/2018
1345,10,1185,6/3/2018
1346,91,663,12/30/2018
1347,10,1186,9/11/2018
1348,91,7,10/8/2018
1349,10,1187,6/5/2018
1350,91,158,12/22/2017
1351,10,1188,6/9/2018
1352,90,571,6/27/2018
1353,10,1189,9/20/2018
1354,91,49,8/28/2018
1355,10,1190,9/4/2018
1356,91,257,9/15/2018
1357,10,1191,4/14/2018
1358,90,210,4/16/2018
1359,10,1192,1/5/2018
1360,91,811,12/15/2018
1361,10,1193,10/5/2018
1362,90,1139,10/28/2018
1363,10,1194,9/6/2018
1364,91,422,6/9/2018
1365,10,1195,5/5/2018
1366,90,872,3/26/2018
1367,10,1196,7/14/2018
1368,91,917,4/20/2018
1369,10,1197,6/17/2018
1370,90,1176,10/4/2018
1371,10,1198,3/31/2018
1372,90,557,8/26/2018
1373,10,1199,6/19/2018
1374,91,173,8/22/2018
1375,10,1200,10/11/2018
1376,90,142,9/7/2018
1377,10,1201,11/20/2018
1378,91,167,1/24/2019
1379,10,1202,5/31/2018
1380,90,290,10/28/2018
1381,10,1203,4/3/2018
1382,10,1204,5/2/2018
1383,91,61,4/29/2018
1384,10,1205,7/22/2018
1385,91,996,3/18/2018
1386,10,1206,7/16/2018
1387,91,73,9/18/2018
1388,10,1207,10/31/2017
1389,91,300,2/22/2018
1390,10,1208,5/1/2018
1391,90,649,8/25/2018
1392,10,1209,5/7/2018
1393,90,1168,11/16/2018
1394,10,1210,6/5/2018
1395,90,348,9/15/2018
1396,10,1211,5/25/2018
1397,90,31,7/28/2018
1398,10,1212,4/23/2018
1399,90,749,6/3/2018
1400,10,1213,5/25/2018
1401,91,421,8/26/2018
1402,10,1214,9/17/2018
1403,90,103,7/29/2018
1404,10,1215,9/7/2018
1405,90,588,9/15/2018
1406,10,1216,2/2/2018
1407,91,345,8/3/2018
1408,10,1217,9/21/2018
1409,90,676,11/26/2018
1410,10,1218,12/16/2017
1411,91,628,12/23/2017
1412,10,1219,9/27/2018
1413,90,701,6/17/2018
1414,10,1220,7/20/2018
1415,90,513,5/20/2019
1416,10,1221,8/3/2019
1417,90,780,7/27/2019
1418,10,1222,9/20/2019
1419,91,1144,9/30/2019
1420,10,1223,5/1/2019
1421,90,858,1/19/2019
1422,10,1224,7/11/2019
1423,90,199,6/15/2019
1424,10,1225,1/12/2020
1425,90,1100,1/14/2019
1426,10,1226,4/3/2019
1427,90,1198,4/4/2019
1428,10,1227,5/18/2019
1429,90,782,11/13/2019
1430,10,1228,7/21/2019
1431,90,620,6/16/2019
1432,10,1229,9/2/2019
1433,91,1149,7/15/2019
1434,10,1230,9/27/2019
1435,91,954,6/29/2019
1436,10,1231,7/25/2019
1437,91,862,10/12/2019
1438,10,1232,8/15/2019
1439,91,202,7/27/2019
1440,10,1233,6/26/2019
1441,91,1173,9/15/2019
1442,10,1234,6/22/2019
1443,91,573,6/2/2019
1444,10,1235,10/15/2019
1445,90,215,8/16/2019
1446,10,1236,8/31/2019
1447,91,845,9/8/2019
1448,10,1237,5/2/2019
1449,91,364,10/22/2019
1450,10,1238,8/27/2019
1451,91,1118,4/6/2019
1452,10,1239,4/29/2019
1453,91,1215,5/20/2019
1454,10,1240,6/19/2019
1455,90,988,4/6/2019
1456,10,1241,3/15/2019
1457,90,314,4/3/2019
1458,10,1242,11/6/2019
1459,90,822,3/9/2019
1460,10,1243,7/21/2019
1461,90,748,2/27/2020
1462,10,1244,5/28/2019
1463,90,43,7/30/2019
1464,10,1245,7/9/2019
1465,91,132,11/28/2019
1466,10,1246,7/12/2019
1467,91,322,7/12/2019
1468,10,1247,5/2/2019
1469,90,311,9/2/2019
1470,10,1248,5/12/2019
1471,91,728,1/14/2019
1472,10,1249,5/6/2019
1473,91,521,9/2/2019
1474,10,1250,6/17/2019
1475,91,802,7/27/2019
1476,10,1251,11/30/2019
1477,90,361,4/21/2019
1478,10,1252,11/19/2019
1479,90,500,11/24/2019
1480,10,1253,5/25/2019
1481,90,734,7/18/2019
1482,10,1254,11/9/2019
1483,90,1159,10/22/2019
1484,10,1255,11/17/2019
1485,91,1144,6/23/2019
1486,10,1256,8/18/2019
1487,91,707,7/17/2019
1488,10,1257,6/8/2019
1489,91,802,7/4/2019
1490,10,1258,5/19/2019
1491,90,465,7/8/2019
1492,10,1259,6/14/2019
1493,91,71,6/7/2019
1494,10,1260,9/22/2019
1495,91,1120,10/29/2019
1496,10,1261,4/24/2019
1497,91,351,8/3/2019
1498,10,1262,8/8/2019
1499,91,786,7/7/2019
1500,10,1263,5/12/2019
1501,90,733,3/15/2019
1502,10,1264,8/19/2019
1503,90,996,3/29/2019
1504,10,1265,7/11/2019
1505,91,234,3/19/2019
1506,10,1266,8/25/2019
1507,91,253,5/9/2019
1508,10,1267,11/19/2019
1509,91,862,8/20/2019
1510,10,1268,7/19/2019
1511,90,477,6/5/2019
1512,10,1269,2/22/2019
1513,91,706,7/9/2019
1514,10,1270,4/21/2019
1515,91,275,5/31/2019
1516,10,1271,7/6/2019
1517,90,722,5/2/2019
1518,10,1272,5/19/2019
1519,91,1056,7/9/2019
1520,10,1273,9/21/2019
1521,90,1156,7/7/2019
1522,10,1274,5/3/2019
1523,91,481,7/29/2019
1524,10,1275,5/26/2019
1525,90,495,1/15/2020
1526,10,1276,7/13/2019
1527,90,3,6/24/2019
1528,10,1277,7/25/2019
1529,90,153,8/4/2019
1530,10,1278,3/31/2019
1531,90,266,6/9/2019
1532,10,1279,7/10/2019
1533,91,502,9/27/2019
1534,10,1280,2/20/2019
1535,91,351,6/27/2019
1536,10,1281,11/1/2019
1537,91,940,6/20/2019
1538,10,1282,5/28/2019
1539,91,692,3/31/2020
1540,10,1283,1/5/2021
1541,91,463,4/1/2020
1542,10,1284,5/28/2020
1543,90,863,11/17/2020
1544,10,1285,10/11/2020
1545,91,641,10/20/2020
1546,10,1286,8/16/2020
1547,91,313,4/16/2020
1548,10,1287,6/20/2020
1549,90,353,8/16/2020
1550,10,1288,7/5/2020
1551,90,285,4/12/2020
1552,10,1289,7/23/2020
1553,91,217,10/16/2020
1554,10,1290,10/18/2020
1555,90,275,9/12/2020
1556,10,1291,3/10/2020
1557,90,301,9/28/2020
1558,10,1292,5/30/2020
1559,91,721,9/5/2020
1560,10,1293,8/25/2020
1561,90,710,4/15/2020
1562,10,1294,4/22/2020
1563,91,783,6/9/2020
1564,10,1295,2/25/2020
1565,91,823,2/25/2020
1566,10,1296,8/29/2020
1567,90,1021,9/15/2020
1568,10,1297,4/24/2020
1569,91,1031,7/14/2020
1570,10,1298,7/21/2020
1571,91,409,5/11/2020
1572,10,1299,6/20/2020
1573,91,770,9/3/2020
1574,10,1300,4/19/2020
1575,90,775,8/7/2020
1576,10,1301,6/7/2020
1577,90,1244,12/25/2019
1578,10,1302,8/21/2020
1579,90,937,4/30/2020
1580,10,1303,6/14/2020
1581,91,787,3/2/2020
1582,10,1304,9/22/2020
1583,90,790,11/9/2020
1584,10,1305,4/23/2020
1585,90,1011,7/2/2020
1586,10,1306,7/26/2020
1587,91,854,8/20/2020
1588,10,1307,8/20/2020
1589,90,626,5/16/2020
1590,10,1308,5/15/2020
1591,90,1294,7/1/2020
1592,10,1309,10/22/2020
1593,91,960,9/13/2020
1594,10,1310,5/23/2020
1595,91,855,1/7/2020
1596,10,1311,4/24/2020
1597,90,666,4/29/2020
1598,10,1312,5/28/2020
1599,90,426,3/14/2020
1600,10,1313,7/22/2020
1601,91,457,7/2/2020
1602,10,1314,12/24/2020
1603,91,563,12/24/2020
1604,10,1315,12/21/2019
1605,91,1165,9/17/2019
1606,10,1316,5/18/2020
1607,90,930,10/22/2020
1608,10,1317,7/17/2020
1609,90,950,7/6/2020
1610,10,1318,10/6/2020
1611,91,805,7/26/2020
1612,10,1319,6/7/2020
1613,91,503,11/24/2020
1614,10,1320,12/16/2020
1615,90,140,6/2/2020
1616,10,1321,6/13/2020
1617,91,440,7/22/2020
1618,10,1322,3/1/2020
1619,91,962,5/13/2020
1620,10,1323,6/16/2020
1621,90,345,1/14/2021
1622,10,1324,8/12/2020
1623,91,1299,7/29/2020
1624,10,1325,7/30/2020
1625,90,120,4/12/2020
1626,10,1326,4/20/2020
1627,91,585,1/2/2021
1628,10,1327,7/15/2020
1629,90,610,1/27/2021
1630,10,1328,9/7/2020
1631,91,174,8/10/2020
1632,10,1329,6/1/2020
1633,91,830,7/22/2020
1634,10,1330,5/5/2020
1635,91,42,8/29/2020
1636,10,1331,7/7/2020
1637,90,5,7/15/2020
1638,10,1332,3/12/2020
1639,90,1082,4/16/2020
1640,10,1333,7/16/2020
1641,90,1116,5/13/2020
1642,10,1334,12/15/2020
1643,90,175,8/4/2020
1644,10,1335,7/13/2020
1645,90,910,2/4/2020
1646,10,1336,11/22/2020
1647,90,124,6/14/2020
1648,10,1337,4/10/2020
1649,91,933,7/17/2020
1650,10,1338,4/19/2020
1651,90,951,8/20/2020
1652,10,1339,9/9/2020
1653,91,1295,8/15/2020
1654,10,1340,2/15/2020
1655,90,624,5/21/2020
1656,10,1341,8/27/2020
1657,90,387,5/31/2020
1658,10,1342,9/20/2020
1659,90,416,5/1/2020
1660,10,1343,11/1/2020
1661,90,254,4/18/2020
1662,10,1344,3/19/2020
1663,91,945,12/7/2019
1664,10,1345,4/4/2020
1665,91,141,6/4/2020
1666,10,1346,7/1/2020
1667,90,708,6/10/2020
1668,10,1347,3/28/2020
1669,91,1289,6/18/2021
1670,10,1348,5/8/2021
1671,91,1310,6/10/2021
1672,10,1349,9/16/2021
1673,91,806,6/19/2021
1674,10,1350,3/19/2021
1675,91,1007,12/22/2021
1676,10,1351,5/29/2021
1677,91,1119,6/13/2021
1678,10,1352,11/22/2020
1679,90,253,4/24/2021
1680,10,1353,8/23/2021
1681,91,1319,3/22/2021
1682,10,1354,3/24/2021
1683,90,177,6/3/2021
1684,10,1355,7/4/2021
1685,90,316,7/9/2021
1686,10,1356,4/30/2021
1687,90,850,2/13/2021
1688,10,1357,5/4/2021
1689,91,334,7/20/2021
1690,10,1358,5/30/2021
1691,90,1153,2/24/2021
1692,10,1359,5/25/2021
1693,90,878,2/10/2021
1694,10,1360,9/5/2021
1695,91,1070,10/8/2021
1696,10,1361,9/23/2021
1697,90,705,8/13/2021
1698,10,1362,12/21/2021
1699,90,771,11/20/2020
1700,10,1363,5/1/2021
1701,91,11,9/29/2021
1702,10,1364,8/29/2021
1703,91,673,7/21/2021
1704,10,1365,11/19/2021
1705,91,743,5/28/2021
1706,10,1366,8/10/2021
1707,90,232,6/13/2021
1708,10,1367,7/1/2021
1709,90,541,5/27/2021
1710,10,1368,8/1/2021
1711,90,356,3/29/2021
1712,10,1369,7/7/2021
1713,91,712,4/14/2021
1714,10,1370,5/5/2021
1715,90,1048,12/23/2021
1716,10,1371,8/4/2021
1717,91,1298,10/5/2021
1718,10,1372,5/15/2021
1719,91,1233,7/6/2021
1720,10,1373,6/28/2021
1721,90,180,5/23/2021
1722,10,1374,5/19/2021
1723,91,1235,11/16/2021
1724,10,1375,4/11/2021
1725,90,41,11/20/2021
1726,10,1376,5/23/2021
1727,90,521,5/3/2021
1728,10,1377,6/22/2021
1729,90,1165,7/13/2021
1730,10,1378,4/10/2021
1731,91,72,9/20/2021
1732,10,1379,6/25/2021
1733,91,921,4/23/2021
1734,10,1380,8/19/2021
1735,91,1292,2/24/2021
1736,10,1381,10/22/2021
1737,91,651,7/30/2021
1738,10,1382,4/19/2021
1739,90,509,3/16/2021
1740,10,1383,11/17/2021
1741,91,287,5/27/2021
1742,10,1384,7/23/2021
1743,91,598,9/25/2021
1744,10,1385,5/22/2021
1745,90,1301,11/26/2021
1746,10,1386,5/2/2021
1747,91,889,6/6/2021
1748,10,1387,6/17/2021
1749,91,338,4/26/2021
1750,10,1388,7/7/2021
1751,91,1339,8/9/2021
1752,10,1389,12/17/2021
1753,91,501,5/29/2021
1754,10,1390,6/6/2021
1755,90,763,7/12/2021
1756,10,1391,12/14/2020
1757,90,1098,7/2/2021
1758,10,1392,8/15/2021
1759,91,1009,6/20/2021
1760,10,1393,6/14/2021
1761,90,445,5/15/2021
1762,10,1394,11/6/2021
1763,91,192,6/6/2021
1764,10,1395,8/20/2021
1765,91,975,5/16/2021
1766,10,1396,7/21/2021
1767,90,151,6/15/2021
1768,10,1397,9/29/2021
1769,90,588,3/31/2021
1770,10,1398,7/15/2021
1771,91,776,6/9/2021
1772,10,1399,10/5/2021
1773,90,474,4/20/2021
1774,10,1400,10/17/2021
1775,91,106,4/5/2021
1776,10,1401,3/14/2021
1777,91,121,9/24/2021
1778,10,1402,11/18/2020
1779,91,51,9/23/2021
1780,10,1403,6/9/2021
1781,91,717,7/3/2021
1782,10,1404,6/28/2021
1783,90,1064,8/15/2021
1784,10,1405,6/27/2021
1785,91,847,8/6/2021
1786,10,1406,7/13/2021
1787,91,195,11/3/2021
1788,10,1407,8/2/2021
1789,91,878,8/7/2021
1790,10,1408,12/12/2021
1791,90,451,12/13/2021
1792,10,1409,5/22/2021
1793,90,588,6/28/2021
1794,10,1410,4/20/2021
1795,90,317,7/7/2021
1796,10,1411,3/5/2021
1797,91,159,2/7/2021
1798,10,1412,2/27/2021
1799,90,97,6/28/2021
1800,10,1413,4/14/2021
1801,90,969,1/28/2021
1802,10,1414,9/27/2021
1803,91,276,10/24/2021
1804,10,1415,8/21/2021
1805,91,161,12/3/2022
1806,10,1416,8/26/2022
1807,90,1148,5/12/2022
1808,10,1417,3/9/2022
1809,91,97,7/5/2022
1810,10,1418,8/7/2022
1811,90,678,8/11/2022
1812,10,1419,5/15/2022
1813,90,548,9/8/2022
1814,10,1420,4/14/2023
1815,91,657,2/5/2022
1816,10,1421,3/4/2022
1817,90,1103,6/25/2022
1818,10,1422,1/4/2022
1819,91,368,5/1/2022
1820,10,1423,3/31/2022
1821,90,686,7/14/2022
1822,10,1424,7/4/2022
1823,90,1299,7/11/2022
1824,10,1425,1/9/2022
1825,91,1242,11/5/2022
1826,10,1426,5/24/2022
1827,90,1377,5/6/2022
1828,10,1427,12/15/2021
1829,90,243,8/11/2022
1830,10,1428,3/15/2022
1831,91,180,5/19/2022
1832,10,1429,7/29/2022
1833,91,1157,8/8/2022
1834,10,1430,5/29/2022
1835,90,6,6/18/2022
1836,10,1431,4/21/2022
1837,91,152,10/4/2022
1838,10,1432,8/3/2022
1839,90,728,7/20/2022
1840,10,1433,9/7/2022
1841,91,343,12/2/2022
1842,10,1434,7/31/2022
1843,90,1067,7/29/2022
1844,10,1435,3/28/2022
1845,90,1084,6/3/2022
1846,10,1436,3/8/2022
1847,90,735,6/15/2022
1848,10,1437,2/22/2022
1849,91,70,5/17/2022
1850,10,1438,5/1/2022
1851,91,1076,1/27/2022
1852,10,1439,10/12/2022
1853,90,812,7/23/2022
1854,10,1440,12/25/2022
1855,90,715,4/20/2022
1856,10,1441,7/26/2022
1857,90,954,8/5/2022
1858,10,1442,9/22/2022
1859,91,378,10/25/2022
1860,10,1443,3/6/2022
1861,91,555,8/4/2022
1862,10,1444,10/10/2022
1863,91,1211,4/28/2022
1864,10,1445,2/3/2022
1865,91,846,8/3/2022
1866,10,1446,8/23/2022
1867,91,1369,4/2/2022
1868,10,1447,5/14/2022
1869,91,203,6/17/2022
1870,10,1448,5/30/2022
1871,91,421,8/14/2022
1872,10,1449,10/11/2022
1873,91,299,5/18/2022
1874,10,1450,7/17/2022
1875,91,1248,7/18/2022
1876,10,1451,4/14/2022
1877,90,1095,10/25/2022
1878,10,1452,3/14/2022
1879,90,856,9/12/2022
1880,10,1453,1/6/2023
1881,90,1218,10/29/2022
1882,10,1454,12/9/2022
1883,90,1014,12/20/2021
1884,10,1455,6/1/2022
1885,91,464,6/15/2022
1886,10,1456,4/17/2022
1887,91,465,4/25/2022
1888,10,1457,6/20/2022
1889,91,28,10/30/2021
1890,10,1458,6/17/2022
1891,90,391,12/18/2022
1892,10,1459,4/27/2022
1893,90,753,8/11/2022
1894,10,1460,9/8/2022
1895,91,22,9/27/2022
1896,10,1461,7/30/2022
1897,90,81,10/4/2022
1898,10,1462,9/6/2022
1899,91,347,6/5/2022
1900,10,1463,4/6/2022
1901,90,425,6/29/2022
1902,10,1464,10/19/2022
1903,91,772,6/29/2022
1904,10,1465,5/30/2022
1905,91,1207,1/22/2022
1906,10,1466,6/3/2022
1907,91,155,8/19/2022
1908,10,1467,12/12/2022
1909,90,1132,4/9/2022
1910,10,1468,7/22/2022
1911,91,924,5/21/2022
1912,10,1469,7/22/2022
1913,90,1194,5/4/2022
1914,10,1470,3/16/2022
1915,91,655,3/29/2022
1916,10,1471,6/25/2022
1917,90,656,12/9/2022
1918,10,1472,5/22/2022
1919,90,1290,3/11/2022
1920,10,1473,4/1/2022
1921,90,623,7/4/2022
1922,10,1474,4/24/2022
1923,90,567,5/5/2022
1924,10,1475,7/16/2022
1925,90,852,8/25/2022
1926,10,1476,7/8/2022
1927,91,1054,11/9/2022
1928,10,1477,9/13/2022
1929,91,758,6/11/2022
1930,10,1478,7/21/2022
1931,91,504,8/27/2022
1932,10,1479,5/8/2022
1933,91,1303,1/27/2022
1934,10,1480,6/22/2022
1935,90,1245,3/23/2022
1936,10,1481,6/27/2022
1937,91,292,9/15/2022
1938,10,1482,4/19/2022
1939,90,10,6/15/2022
1940,10,1483,4/19/2022
1941,91,656,5/17/2022
1942,10,1484,5/27/2022
1943,91,1209,6/28/2022
1944,10,1485,12/25/2022
1945,91,1321,7/27/2022
1946,10,1486,11/15/2022
1947,90,867,8/12/2022
1948,10,1487,5/3/2022
1949,90,1329,5/24/2023
1950,10,1488,8/25/2023
1951,90,1360,7/24/2023
1952,10,1489,7/16/2023
1953,91,901,12/21/2022
1954,10,1490,6/19/2023
1955,91,394,9/27/2023
1956,10,1491,6/27/2023
1957,90,1237,1/10/2023
1958,10,1492,2/13/2023
1959,90,364,7/20/2023
1960,10,1493,4/18/2023
1961,90,749,8/15/2023
1962,10,1494,7/5/2023
1963,91,1453,2/20/2023
1964,10,1495,5/18/2023
1965,90,726,5/28/2023
1966,10,1496,7/20/2023
1967,91,152,2/10/2024
1968,10,1497,8/21/2023
1969,90,1022,7/10/2023
1970,10,1498,6/22/2023
1971,90,511,6/13/2023
1972,10,1499,11/29/2023
1973,91,981,7/31/2023
1974,10,1500,6/18/2023
1975,90,869,1/1/2024
1976,10,1501,6/7/2023
1977,90,357,6/25/2023
1978,10,1502,10/13/2023
1979,91,1427,3/2/2023
1980,10,1503,1/30/2023
1981,91,1295,12/21/2023
1982,10,1504,12/24/2022
1983,91,643,8/25/2023
1984,10,1505,9/15/2023
1985,91,820,7/11/2023
1986,10,1506,8/3/2023
1987,90,1220,12/25/2023
1988,10,1507,7/27/2023
1989,91,1183,1/5/2023
1990,10,1508,7/11/2023
1991,90,247,3/24/2023
1992,10,1509,9/9/2023
1993,91,1228,5/18/2023
1994,10,1510,4/1/2023
1995,90,146,6/27/2023
1996,10,1511,4/28/2023
1997,91,1404,12/13/2023
1998,10,1512,11/20/2022
1999,90,651,8/18/2023
2000,10,1513,9/11/2023
2001,91,1339,6/18/2023
2002,10,1514,9/11/2023
2003,90,205,7/21/2023
2004,10,1515,6/18/2023
2005,90,824,8/25/2023
2006,10,1516,4/9/2023
2007,90,920,8/27/2023
2008,10,1517,6/12/2023
2009,90,416,7/19/2023
2010,10,1518,8/6/2023
2011,90,965,3/9/2023
2012,10,1519,6/9/2023
2013,91,1214,7/1/2023
2014,10,1520,2/12/2023
2015,90,1010,8/31/2023
2016,10,1521,4/19/2023
2017,90,720,6/14/2023
2018,10,1522,7/19/2023
2019,90,264,4/21/2023
2020,10,1523,10/3/2023
2021,90,313,6/16/2023
2022,10,1524,6/13/2023
2023,90,430,4/1/2023
2024,10,1525,8/15/2023
2025,90,751,3/30/2023
2026,10,1526,5/22/2023
2027,91,1417,5/25/2023
2028,10,1527,4/30/2023
2029,90,436,8/3/2023
2030,10,1528,8/19/2023
2031,91,305,4/4/2023
2032,10,1529,8/12/2023
2033,91,1009,11/24/2023
2034,10,1530,3/6/2023
2035,90,1022,3/14/2023
2036,10,1531,4/17/2023
2037,90,762,6/19/2023
2038,10,1532,3/17/2023
2039,91,1272,12/24/2023
2040,10,1533,9/22/2023
2041,91,1024,11/9/2023
2042,10,1534,4/30/2023
2043,91,1503,8/17/2023
2044,10,1535,4/5/2023
2045,90,623,9/30/2023
2046,10,1536,1/23/2024
2047,91,185,4/10/2023
2048,10,1537,6/6/2023
2049,91,1339,4/21/2023
2050,10,1538,5/13/2023
2051,90,1164,5/30/2023
2052,10,1539,5/21/2023
2053,91,157,4/26/2023
2054,10,1540,6/2/2023
2055,90,1012,6/23/2023
2056,10,1541,5/27/2023
2057,90,1279,5/19/2023
2058,10,1542,3/24/2023
2059,90,1438,4/29/2023
2060,10,1543,9/9/2023
2061,90,1357,6/15/2023
2062,10,1544,11/26/2023
2063,90,44,7/1/2023
2064,10,1545,7/29/2023
2065,90,174,8/23/2023
2066,10,1546,7/8/2023
2067,90,720,6/7/2023
2068,10,1547,2/12/2024
2069,91,236,10/15/2023
2070,10,1548,2/18/2023
2071,91,672,3/21/2023
2072,10,1549,8/5/2023
2073,91,521,9/2/2023
2074,10,1550,10/5/2023
2075,91,888,3/15/2023
2076,10,1551,6/9/2023
2077,91,977,3/27/2023
2078,10,1552,4/4/2023
2079,90,840,9/8/2023
2080,10,1553,4/21/2023
2081,91,727,8/21/2023
2082,10,1554,2/10/2023
2083,91,331,6/20/2023
2084,10,1555,6/14/2023
2085,91,1145,7/30/2023
2086,10,1556,5/23/2023
2087,90,930,3/28/2023
2088,10,1557,6/15/2023
2089,90,577,4/14/2023
2090,10,1558,11/1/2023
2091,90,1284,1/30/2023
2092,10,1559,7/12/2023
2093,91,443,7/22/2023
2094,10,1560,4/22/2023
2095,91,1232,3/13/2023
2096,10,1561,3/7/2023
2097,91,935,8/20/2023
2098,10,1562,7/1/2023
2099,30,11,4/23/2017
2100,30,28,11/14/2016
2101,30,51,6/24/2017
2102,30,53,5/28/2017
2103,30,71,6/25/2017
2104,30,76,11/19/2017
2105,30,120,3/23/2017
2106,30,124,4/20/2017
2107,30,138,5/14/2017
2108,30,146,10/9/2017
2109,30,152,6/19/2017
2110,30,159,10/6/2017
2111,30,167,12/25/2017
2112,30,177,6/10/2017
2113,30,195,9/14/2017
2114,30,199,6/1/2017
2115,30,205,4/24/2017
2116,30,215,5/20/2017
2117,30,226,4/27/2017
2118,30,234,7/30/2017
2119,30,236,1/25/2017
2120,30,257,3/28/2017
2121,30,264,9/2/2017
2122,30,273,5/1/2017
2123,30,276,3/22/2017
2124,30,285,6/14/2017
2125,30,287,8/21/2017
2126,30,290,6/25/2017
2127,30,300,7/5/2017
2128,30,311,10/24/2017
2129,30,322,6/2/2017
2130,30,361,6/1/2017
2131,30,387,10/13/2017
2132,30,394,8/13/2017
2133,30,409,6/18/2017
2134,30,436,5/27/2017
2135,30,463,7/11/2017
2136,30,477,6/17/2017
2137,30,481,6/14/2017
2138,30,509,7/24/2017
2139,30,511,7/13/2017
2140,30,513,2/25/2017
2141,30,521,6/8/2017
2142,30,525,9/5/2017
2143,30,555,7/10/2017
2144,30,557,8/23/2017
2145,30,577,4/2/2017
2146,30,598,7/18/2017
2147,30,603,4/29/2017
2148,30,623,7/21/2017
2149,30,628,4/15/2017
2150,30,663,6/7/2017
2151,30,701,7/5/2017
2152,30,705,9/27/2017
2153,30,708,3/30/2017
2154,30,710,4/3/2017
2155,30,727,5/15/2017
2156,30,734,8/28/2017
2157,30,749,10/24/2017
2158,30,790,8/15/2017
2159,30,812,8/4/2017
2160,30,823,1/25/2017
2161,30,837,1/4/2017
2162,30,839,7/9/2017
2163,30,840,2/17/2017
2164,30,846,4/27/2017
2165,30,847,5/2/2017
2166,30,856,4/8/2017
2167,30,858,8/28/2017
2168,30,862,10/16/2017
2169,30,867,6/17/2017
2170,30,910,8/5/2017
2171,30,924,10/8/2016
2172,30,935,8/30/2017
2173,30,937,9/16/2017
2174,30,950,7/15/2017
2175,30,955,5/4/2017
2176,30,960,11/5/2017
2177,30,965,5/27/2017
2178,30,969,11/23/2017
2179,30,977,10/9/2017
2180,30,985,6/23/2017
2181,30,988,9/9/2017
2182,30,996,2/1/2017
2183,30,1021,5/6/2017
2184,30,1052,2/17/2017
2185,30,1054,7/16/2017
2186,30,1056,7/6/2017
2187,30,1067,11/15/2017
2188,30,1076,10/2/2017
2189,30,1082,10/22/2017
2190,30,1098,7/19/2017
2191,30,1118,8/21/2017
2192,30,1119,4/23/2017
2193,30,1132,6/10/2017
2194,30,1139,3/7/2017
2195,30,1144,7/14/2017
2196,30,1145,7/24/2017
2197,30,1148,6/13/2017
2198,30,1149,7/3/2017
2199,30,1153,7/13/2017
2200,30,1157,8/4/2017
2201,30,1159,8/5/2017
2202,30,1164,8/29/2017
2203,30,1165,11/13/2017
2204,30,1168,6/1/2017
2205,30,1173,3/14/2017
2206,30,1176,4/27/2017
2207,30,1194,8/11/2017
2208,30,1198,6/18/2017
2209,30,1207,6/16/2017
2210,30,1209,4/19/2017
2211,30,1211,8/21/2017
2212,30,1214,11/9/2017
2213,30,1218,4/9/2017
2214,30,1220,6/9/2017
2215,30,1235,7/14/2017
2216,30,1237,1/17/2017
2217,30,1242,7/29/2017
2218,30,1245,6/20/2017
2219,30,1248,5/9/2017
2220,30,1272,8/7/2017
2221,30,1279,10/3/2017
2222,30,1284,9/16/2017
2223,30,1290,7/15/2017
2224,30,1292,2/10/2017
2225,30,1294,2/20/2017
2226,30,1295,5/1/2017
2227,30,1299,8/10/2017
2228,30,1301,6/14/2017
2229,30,1303,7/31/2017
2230,30,1310,10/6/2017
2231,30,1329,11/7/2017
2232,30,1339,5/22/2017
2233,30,1357,6/25/2017
2234,30,1360,6/29/2017
2235,30,1369,5/7/2017
2236,30,1427,9/22/2017
2237,30,1438,7/10/2017
2238,30,1453,12/18/2017
2239,30,1503,7/28/2017
2240,30,3,8/20/2018
2241,30,11,2/28/2018
2242,30,22,8/28/2018
2243,30,41,6/12/2018
2244,30,43,9/6/2018
2245,30,51,7/29/2018
2246,30,106,4/27/2018
2247,30,124,11/4/2018
2248,30,151,12/17/2018
2249,30,177,1/13/2019
2250,30,195,9/14/2017
2251,30,199,1/9/2019
2252,30,203,6/12/2018
2253,30,232,1/26/2019
2254,30,234,3/5/2018
2255,30,236,4/11/2018
2256,30,243,11/28/2018
2257,30,247,7/7/2018
2258,30,257,8/3/2018
2259,30,264,10/24/2018
2260,30,266,10/3/2018
2261,30,276,9/25/2018
2262,30,285,7/26/2018
2263,30,292,1/29/2018
2264,30,314,9/4/2018
2265,30,317,8/6/2018
2266,30,331,9/9/2018
2267,30,338,8/27/2018
2268,30,348,8/29/2018
2269,30,356,4/25/2018
2270,30,361,8/5/2018
2271,30,394,5/18/2018
2272,30,425,6/11/2018
2273,30,436,8/3/2018
2274,30,464,3/18/2019
2275,30,474,1/17/2018
2276,30,481,3/12/2018
2277,30,511,12/25/2018
2278,30,525,5/10/2018
2279,30,548,4/27/2018
2280,30,563,10/6/2018
2281,30,567,11/20/2018
2282,30,577,5/20/2018
2283,30,588,6/6/2018
2284,30,609,5/4/2018
2285,30,623,9/14/2018
2286,30,643,6/12/2018
2287,30,672,6/17/2018
2288,30,687,6/26/2018
2289,30,707,5/26/2018
2290,30,710,2/17/2019
2291,30,721,3/25/2018
2292,30,734,2/18/2018
2293,30,749,6/4/2018
2294,30,753,6/10/2018
2295,30,758,4/12/2018
2296,30,782,3/10/2018
2297,30,812,8/14/2018
2298,30,823,7/25/2018
2299,30,840,4/30/2018
2300,30,854,12/6/2017
2301,30,855,10/20/2018
2302,30,869,8/11/2018
2303,30,910,10/19/2018
2304,30,933,7/1/2018
2305,30,937,6/25/2018
2306,30,945,5/13/2018
2307,30,960,10/26/2018
2308,30,962,5/28/2018
2309,30,969,10/2/2018
2310,30,981,9/2/2018
2311,30,988,7/23/2018
2312,30,1009,5/1/2018
2313,30,1010,12/13/2018
2314,30,1012,7/9/2018
2315,30,1014,8/9/2018
2316,30,1021,7/31/2018
2317,30,1070,6/26/2018
2318,30,1139,9/24/2018
2319,30,1144,7/15/2018
2320,30,1145,4/26/2018
2321,30,1153,11/18/2018
2322,30,1164,1/21/2018
2323,30,1165,7/31/2018
2324,30,1168,1/26/2018
2325,30,1173,6/10/2018
2326,30,1183,4/5/2018
2327,30,1218,5/7/2018
2328,30,1232,6/13/2018
2329,30,1233,9/13/2018
2330,30,1235,7/3/2018
2331,30,1237,7/22/2018
2332,30,1244,9/1/2018
2333,30,1245,8/5/2018
2334,30,1248,6/25/2018
2335,30,1272,6/20/2018
2336,30,1279,7/20/2018
2337,30,1284,12/30/2017
2338,30,1289,9/18/2018
2339,30,1290,5/7/2018
2340,30,1292,6/16/2018
2341,30,1294,9/15/2018
2342,30,1295,7/6/2018
2343,30,1298,5/30/2018
2344,30,1299,5/10/2018
2345,30,1303,6/14/2018
2346,30,1310,7/12/2018
2347,30,1319,11/4/2018
2348,30,1321,6/30/2018
2349,30,1339,3/4/2018
2350,30,1357,9/17/2018
2351,30,1360,8/10/2018
2352,30,1377,6/3/2018
2353,30,1404,6/11/2018
2354,30,1417,5/24/2018
2355,30,1427,10/12/2018
2356,30,1438,4/28/2018
2357,30,1453,5/12/2018
2358,30,6,5/23/2019
2359,30,71,10/20/2018
2360,30,106,11/20/2019
2361,30,124,10/5/2019
2362,30,140,1/4/2019
2363,30,141,9/16/2019
2364,30,151,4/15/2019
2365,30,175,7/21/2019
2366,30,177,6/24/2019
2367,30,180,6/4/2019
2368,30,203,2/20/2019
2369,30,205,6/27/2019
2370,30,232,1/31/2019
2371,30,236,5/24/2019
2372,30,243,7/13/2019
2373,30,247,2/15/2019
2374,30,266,5/6/2019
2375,30,276,7/18/2019
2376,30,285,6/10/2019
2377,30,292,9/25/2019
2378,30,305,8/20/2019
2379,30,311,5/28/2019
2380,30,317,5/6/2019
2381,30,356,6/14/2019
2382,30,364,6/24/2019
2383,30,368,9/17/2019
2384,30,425,2/13/2019
2385,30,463,3/19/2019
2386,30,509,7/8/2019
2387,30,548,7/15/2019
2388,30,563,7/22/2019
2389,30,585,11/9/2018
2390,30,655,7/20/2019
2391,30,666,3/2/2019
2392,30,686,10/8/2019
2393,30,692,2/23/2019
2394,30,707,5/6/2019
2395,30,717,5/19/2019
2396,30,721,7/22/2019
2397,30,722,3/24/2019
2398,30,753,7/3/2019
2399,30,758,7/1/2019
2400,30,762,7/10/2019
2401,30,771,9/21/2019
2402,30,783,3/22/2019
2403,30,823,1/12/2020
2404,30,847,8/13/2019
2405,30,850,4/1/2019
2406,30,852,2/26/2019
2407,30,856,3/7/2019
2408,30,867,7/15/2019
2409,30,888,5/12/2019
2410,30,901,4/5/2019
2411,30,920,6/4/2019
2412,30,921,6/24/2019
2413,30,930,7/16/2019
2414,30,954,8/10/2019
2415,30,981,2/28/2019
2416,30,1010,5/14/2019
2417,30,1064,8/24/2019
2418,30,1067,5/24/2019
2419,30,1120,10/13/2019
2420,30,1145,12/22/2019
2421,30,1153,7/13/2019
2422,30,1159,8/27/2019
2423,30,1164,3/30/2019
2424,30,1165,7/27/2019
2425,30,1173,3/31/2019
2426,30,1218,7/14/2019
2427,30,1220,5/6/2019
2428,30,1232,8/26/2019
2429,30,1235,8/25/2019
2430,30,1237,1/16/2019
2431,30,1242,11/5/2018
2432,30,1244,5/20/2019
2433,30,1245,7/17/2019
2434,30,1248,9/21/2019
2435,30,1272,5/8/2019
2436,30,1279,12/31/2019
2437,30,1284,4/16/2019
2438,30,1289,8/20/2019
2439,30,1290,1/4/2019
2440,30,1292,11/25/2019
2441,30,1294,10/1/2019
2442,30,1295,4/1/2019
2443,30,1298,7/5/2019
2444,30,1299,10/8/2019
2445,30,1301,6/27/2019
2446,30,1303,4/26/2019
2447,30,1310,1/8/2019
2448,30,1319,8/16/2019
2449,30,1321,3/26/2019
2450,30,1329,3/23/2019
2451,30,1357,5/30/2019
2452,30,1360,9/15/2019
2453,30,1369,8/19/2019
2454,30,1377,4/16/2019
2455,30,1417,11/26/2019
2456,30,1427,6/15/2019
2457,30,1453,9/9/2019
2458,30,1503,10/1/2019
2459,30,6,11/21/2020
2460,30,28,7/4/2020
2461,30,41,4/13/2020
2462,30,44,8/19/2020
2463,30,70,8/25/2020
2464,30,81,7/20/2020
2465,30,106,3/31/2020
2466,30,140,1/8/2020
2467,30,152,6/25/2020
2468,30,157,8/15/2020
2469,30,180,6/21/2020
2470,30,203,5/20/2020
2471,30,217,5/30/2020
2472,30,247,11/17/2019
2473,30,276,9/2/2020
2474,30,285,4/6/2020
2475,30,292,5/16/2020
2476,30,299,7/13/2020
2477,30,305,8/25/2020
2478,30,313,9/28/2020
2479,30,343,4/20/2020
2480,30,356,6/13/2020
2481,30,416,12/12/2020
2482,30,443,9/16/2020
2483,30,451,4/18/2020
2484,30,464,6/21/2020
2485,30,548,2/18/2020
2486,30,585,8/16/2020
2487,30,641,5/1/2020
2488,30,655,2/10/2020
2489,30,656,8/11/2020
2490,30,657,6/13/2020
2491,30,672,6/30/2020
2492,30,686,6/15/2020
2493,30,705,12/20/2019
2494,30,712,5/24/2020
2495,30,715,7/15/2020
2496,30,751,10/26/2020
2497,30,790,9/24/2020
2498,30,850,4/17/2020
2499,30,852,7/26/2020
2500,30,854,1/14/2020
2501,30,867,9/9/2020
2502,30,921,9/12/2020
2503,30,933,5/15/2020
2504,30,950,6/22/2020
2505,30,954,8/20/2020
2506,30,960,4/29/2020
2507,30,1010,4/13/2020
2508,30,1014,4/27/2020
2509,30,1022,11/12/2020
2510,30,1031,1/24/2020
2511,30,1054,9/3/2020
2512,30,1070,8/20/2020
2513,30,1218,5/4/2020
2514,30,1228,7/31/2020
2515,30,1235,6/25/2020
2516,30,1237,9/11/2020
2517,30,1242,6/24/2020
2518,30,1245,4/24/2020
2519,30,6,4/18/2021
2520,30,10,10/10/2021
2521,30,22,5/23/2021
2522,30,28,3/29/2021
2523,30,41,5/16/2021
2524,30,72,4/19/2021
2525,30,81,6/11/2021
2526,30,121,6/21/2021
2527,30,152,3/5/2021
2528,30,157,9/28/2021
2529,30,195,7/3/2021
2530,30,243,4/28/2021
2531,30,247,10/13/2021
2532,30,264,6/19/2021
2533,30,292,8/8/2021
2534,30,299,8/12/2021
2535,30,305,9/16/2021
2536,30,313,6/16/2021
2537,30,425,2/27/2021
2538,30,436,2/23/2021
2539,30,451,3/15/2021
2540,30,504,2/16/2021
2541,30,548,6/28/2021
2542,30,656,6/8/2021
2543,30,657,12/5/2020
2544,30,672,6/19/2021
2545,30,715,11/25/2021
2546,30,772,4/21/2021
2547,30,856,6/2/2021
2548,30,878,4/20/2021
2549,30,924,10/23/2021
2550,30,981,5/17/2021
2551,30,1007,9/7/2021
2552,30,1010,3/30/2021
2553,30,1067,6/17/2021
2554,30,1098,11/22/2020
2555,30,1145,3/8/2021
2556,30,1157,7/30/2021
2557,30,1233,3/22/2021
2558,30,1235,6/18/2021
2559,30,1237,8/4/2021
2560,30,1245,10/11/2021
2561,30,22,6/26/2022
2562,30,81,7/13/2022
2563,30,97,5/5/2022
2564,30,152,10/20/2022
2565,30,157,9/19/2022
2566,30,185,4/13/2022
2567,30,292,4/4/2022
2568,30,305,7/29/2022
2569,30,347,5/8/2022
2570,30,511,5/5/2022
2571,30,555,6/26/2022
2572,30,751,2/24/2022
2573,30,758,5/6/2022
2574,30,762,5/16/2022
2575,30,772,4/30/2022
2576,30,1054,1/27/2022
2577,30,1157,3/27/2022
2578,30,1295,6/6/2022
2579,30,1321,4/9/2022
2580,30,1329,9/5/2022
2581,30,1339,5/6/2022
2582,30,869,5/16/2023
2583,30,1024,8/17/2023
2584,30,1220,8/10/2023
2585,30,1279,3/24/2023
2586,30,1329,5/23/2023